artist,lofi_appearance_count,lofi_booked
Antal,12,1
VNTM,11,1
Tjade,9,1
Bart Skils,7,1
Luuk van Dijk,7,1
Samuel Deep,7,1
Quelza,6,1
Noach,6,1
Reiss,6,1
Doudou MD,6,1
HUNEE,6,1
Polygonia,5,1
Christian AB,5,1
Spacer Woman,5,1
Kyra Khaldi,5,1
Carlos Valdes,5,1
Naone,5,1
Berkan V8,5,1
Moxes,5,1
JakoJako,5,1
Tsepo,5,1
Philou Louzolo,5,1
JEANS,4,1
Efdemin,4,1
Spekki Webu,4,1
Essy,4,1
Sandrien,4,1
Oceanic,4,1
Moody Mehran,4,1
Marco Shuttle,4,1
CARISTA,4,1
Nelly,3,1
Eric Cloutier,3,1
Wata Igarashi,3,1
Woody92,3,1
Pariah,3,1
Morgan,3,1
D Stone,3,1
Jasmín,3,1
Tasha,3,1
Alex Kassian,3,1
Boris Coelman,3,1
Newtone,3,1
Talismann,3,1
DJ Red,3,1
Shoal,3,1
Garçon,3,1
DJ Gigola,3,1
Courtesy,3,1
Lola Edo,3,1
Daiki,3,1
Emvae,3,1
Schwesta P,3,1
Eva Vrijdag,3,1
Sarkawt Hamad,3,1
mad miran,3,1
Hannecart,3,1
Matrixxman,3,1
Ignez,3,1
Rozie,3,1
Colin Benders,3,1
Megan Leber,3,1
DVS1,3,1
Vera Logdanidi,3,1
VRIL,3,1
GiGi FM,3,1
Olivia Mendez,3,1
Nene H,3,1
Altinbas,3,1
Amanda Mussi,3,1
Julian Anthony,3,1
Daria Kolosova,3,1
Peach,3,1
Kléo,3,1
Coco Maria,3,1
Oscar Mulero,3,1
DART,3,1
Prance,3,1
Cincity,3,1
DJ Pete,3,1
Priori,3,1
Bae Blade,3,1
Luna Ludmila,3,1
Âme,3,1
BIIANCO,3,1
Richie Hawtin,3,1
Andy Martin,3,1
Paquita Gordon,3,1
Rødhåd,2,1
Abstract Division,2,1
Cobahn,2,1
Human Space Machine,2,1
Colyn,2,1
u.r. trax,2,1
Traumer,2,1
Benjamin Berg,2,1
Juliana X,2,1
Alexia Glensy,2,1
Francesco del Garda,2,1
Ben UFO,2,1
Ae:ther,2,1
Fafi Abdel Nour,2,1
Cinnaman,2,1
Marcel Dettmann,2,1
Nala Brown,2,1
Steffi,2,1
Alarico,2,1
Benny Rodrigues,2,1
Laidlaw,2,1
Cormac,2,1
Daniel Monaco,2,1
Loek Frey,2,1
Kyle Starkey,2,1
Jenny Cara,2,1
Cybersex,2,1
Lolsnake,2,1
Ryan Elliott,2,1
Aletha,2,1
Tammo Hesselink,2,1
MCR-T,2,1
ALCATRAZ,2,1
Stephanie Sykes,2,1
Lea Occhi,2,1
Bibi Seck,2,1
BELLA,2,1
cap,2,1
DJ Senc,2,1
Moxie,2,1
Daphni,2,1
Margie,2,1
Chaos in The CBD,2,1
I-RO,2,1
Comrade Winston,2,1
Rosati,2,1
Djrum,2,1
Craig Richards,2,1
Gabbs,2,1
Sugar Free,2,1
Nick Moody,2,1
Helena Lauwaert,2,1
CRUSH3d,2,1
Dangerous Dreaming,2,1
MALOU,2,1
Recondite,2,1
Moopie,2,1
Lobster,2,1
Barker,2,1
Konduku,2,1
Andy Garvey,2,1
Hitam,2,1
Carlita,2,1
angelboy,2,1
Parris,2,1
Selene,2,1
VIL,2,1
Philippa Pacho,2,1
Tommy Chikara,2,1
Locklead,2,1
Voigtmann,2,1
MRD,2,1
Jennifer Cardini,2,1
Slimfit,2,1
Juicy Romance,2,1
Ogazón,2,1
Mia Cecille,2,1
Amaliah,2,1
Ron Trent,2,1
Serti,2,1
Dj Nobu,2,1
Jane Fitz,2,1
Kia,2,1
Reptant,2,1
Héctor Oaks,2,1
Weval,2,1
Mano Le Tough,2,1
EMILIJA,2,1
Speedy J,2,1
MARRØN,2,1
Mareena,2,1
Gerd Janson,2,1
Surf 2 Glory,2,1
Gabrielle Kwarteng,2,1
Stranger,2,1
Mary Lake,2,1
Superstrings,2,1
Victor Ruiz,2,1
VEL,2,1
Kevin De Vries,2,1
Joris Voorn,2,1
Ays,2,1
Julie Desire,2,1
Agonis,2,1
Dasha Rush,2,1
Aaron J,2,1
Anz,2,1
Bambounou,2,1
Bashkka,2,1
Delano Legito,2,1
Bella Claxton,2,1
Faster Horses,2,1
Kikiorix,2,1
John Talabot,2,1
Storm Mollison,2,1
Cassian,2,1
Patrick Mason,2,1
Hidde van Wee,2,1
Milion,2,1
Olivia Lensen,2,1
LYLO,2,1
nthng,2,1
D.Dan,2,1
Richard Akingbehin,2,1
Bradley Zero,2,1
Elias Mazian,2,1
LSDXOXO,2,1
LevyM,2,1
Collé,2,1
Ploy,2,1
Job de Jong,2,1
Paige Tomlinson,2,1
Supergloss,2,1
Kim April,2,1
Ranger Trucco,2,1
Marlon Hoffstadt,2,1
NewTone,2,1
Samaʼ Abdulhadi,2,1
Fiene,2,1
Nørbak,1,1
Makèz,1,1
Dennis Quin,1,1
Kerri Chandler,1,1
MYRA,1,1
Joyhauser,1,1
Paula Temple,1,1
Vera Grace,1,1
Sunil Sharpe,1,1
Running Hot,1,1
Rossi.,1,1
Malika,1,1
Beswerda,1,1
8Kays,1,1
Woo York,1,1
Shanti,1,1
Identified Patient,1,1
Celeste,1,1
Casper Tielrooij,1,1
Nèna,1,1
Beau Didier,1,1
Ben Sims,1,1
ANNĒ,1,1
Cubicolor,1,1
Maceo Plex,1,1
Franc Fala,1,1
Merve,1,1
Chloé Robinson,1,1
De Sluwe Vos,1,1
Budino,1,1
Curses,1,1
Anthony Linell,1,1
Luke Slater,1,1
Laura BCR,1,1
Jephta,1,1
DJ Maria.,1,1
Feral,1,1
Luna,1,1
Cynthia Spiering,1,1
Vince,1,1
Pila,1,1
The Darkraver,1,1
Olive Anguz,1,1
Bass-D,1,1
Da Mouth of Madness,1,1
X CLUB.,1,1
Jensen Interceptor,1,1
Timo Nikson,1,1
Sansibar,1,1
Anthony Parasole,1,1
Blasha & Allatt,1,1
Virginia,1,1
Adam Pits,1,1
Verity,1,1
DJ Marcelle,1,1
CHEWCHEW,1,1
Satoshi,1,1
Robert Bergman,1,1
Pablo Bozzi,1,1
Baraka,1,1
Mila Black,1,1
ace of demons,1,1
Mietze Conte,1,1
Clara Cuvé,1,1
Chlär,1,1
TAFKAMP,1,1
JSPRV35,1,1
Kalle Pablo,1,1
Juri Miralles,1,1
Cinema Royale,1,1
Tonno Disko,1,1
Barbara Boeing,1,1
Brass Rave Unit,1,1
Cromby,1,1
Trippy Tins,1,1
DPR,1,1
Reflex Blue,1,1
D'Julz,1,1
Coast 2 Coast,1,1
Sisi,1,1
DJ Almelo,1,1
Charmaine,1,1
Kamma,1,1
Chrissie,1,1
Pink Concrete,1,1
Arthur Robert,1,1
Marcal,1,1
Baron Von Trax,1,1
YONES,1,1
Vera Moro,1,1
Hoesephine,1,1
PietNormaal,1,1
Desire,1,1
acidheaven,1,1
lucia lu,1,1
Yazzus,1,1
spikey lee,1,1
cryptofauna,1,1
Soft Break,1,1
JASSS,1,1
DJ K,1,1
Rocinha,1,1
Mbé,1,1
Laurine,1,1
Nicolas Lutz,1,1
Paul Lution,1,1
Midland,1,1
Among trees,1,1
Nacho,1,1
Mystral,1,1
Denver,1,1
Developer,1,1
Beatrice,1,1
Aadja,1,1
Mateo Dufour,1,1
Alci,1,1
Kai King,1,1
Toman,1,1
Lewis Taylor,1,1
Regularfantasy,1,1
FAFF,1,1
Marie Malarie,1,1
Emmz,1,1
Velasco,1,1
Ron Obvious,1,1
Fonte,1,1
D. Tiffany,1,1
Mauro Moreno,1,1
Inoz,1,1
Ø [Phase],1,1
Wispelturig,1,1
evin,1,1
Malugi,1,1
ferrari rot,1,1
Diffrent,1,1
Mathew Jonson,1,1
Patrice Baumel,1,1
Just Lauren,1,1
Nadia Struiwigh,1,1
Max Cooper,1,1
Combined Type,1,1
Gene On Earth,1,1
Stella Zekri,1,1
Across Boundaries,1,1
Sonja Moonear,1,1
Automatic Writing,1,1
Perc,1,1
Laura van Hal,1,1
Nera,1,1
D-Leria,1,1
French II,1,1
Vardae,1,1
Chami,1,1
NDRX,1,1
Georgia,1,1
Dungeon Meat,1,1
Daniele Temperilli,1,1
Phone Traxxx,1,1
Dissolver,1,1
LB aka LABAT,1,1
Yoshiko,1,1
Bushbaby,1,1
Somewhen,1,1
Flansie,1,1
Yung Singh,1,1
Krampf,1,1
Paul Seul,1,1
Dimi Angélis,1,1
Justine Perry,1,1
Setaoc Mass,1,1
Dax J,1,1
Chontane,1,1
UVB,1,1
Grace Dahl,1,1
Thomas P. Heckmann,1,1
Umwelt,1,1
CRAVO,1,1
TLM  Airlines,1,1
mul/ANNA,1,1
Kaiser,1,1
Yanamaste,1,1
DJ TOOL,1,1
Demi Riquísimo,1,1
Matisa,1,1
Zenker Brothers,1,1
DJ MELL G,1,1
Philou Celaries,1,1
Marino Canal,1,1
Boys Noize,1,1
Bauernfeind,1,1
Ellen Allien,1,1
Diora,1,1
Shanti Celeste,1,1
PLO Man,1,1
Junki Inoue,1,1
Dresden,1,1
Maara,1,1
Aldonna,1,1
Sam Alfred,1,1
Spray,1,1
Audrey Danza,1,1
Danielle,1,1
Sassy J,1,1
Kaidi Tatham,1,1
Clarisa Kimskii,1,1
Sybil,1,1
ADIEL,1,1
Carmen Electro,1,1
P.E.A.R.L.,1,1
Essets,1,1
Fais Le Beau,1,1
Freakenstein,1,1
DJ Killing,1,1
Jasper Tygner,1,1
Najel,1,1
Konstantin Sibold,1,1
ISAbella,1,1
HAAi,1,1
Lin C,1,1
Valeby,1,1
Quest,1,1
Helena Hauff,1,1
Harry McCanna,1,1
The Ghost,1,1
Flo Massé,1,1
AIDA,1,1
SOLIT,1,1
Liane,1,1
Fireground,1,1
Temudo,1,1
Laure Croft,1,1
KiNK,1,1
STERAC,1,1
ROD,1,1
Julian Muller,1,1
CAIVA,1,1
Bebe Bad,1,1
Swimming Paul,1,1
Roger Gerressen,1,1
Boris Acket,1,1
Portrait XO,1,1
Enequist,1,1
Maarten Vos & Max Frimout,1,1
Robert Hood,1,1
Lyrae,1,1
Ollie Lishman,1,1
Sophia Violet,1,1
Miguel de Bois,1,1
Lennart,1,1
Queen Saba,1,1
Janis Zielinski,1,1
Rosa Red,1,1
Benwal,1,1
Anetha,1,1
A Strange Wedding,1,1
Mac Declos,1,1
DJ Leoni,1,1
Collabs 3000,1,1
Beste Hira,1,1
Move D,1,1
Danilo Plessow (MCDE),1,1
Liam Palmer,1,1
Naomi,1,1
Elliot Schooling,1,1
Partiboi69,1,1
Loods,1,1
Maruwa,1,1
Eli Verveine,1,1
Djeff,1,1
Jaden Thompson,1,1
Adam Beyer,1,1
Maï-Linh,1,1
upsammy,1,1
Aurora Halal,1,1
Bas Dobbelaer,1,1
Na Nich,1,1
OCCA,1,1
Seb H.,1,1
Mella Dee,1,1
Sherelle,1,1
Byron Yeates,1,1
Hyperaktivist,1,1
FJAAK,1,1
Jack Fresia,1,1
Fadi Mohem,1,1
Planetary Assault Systems,1,1
Dr Rubinstein,1,1
Orpheu The Wizard,1,1
SWIM,1,1
Sex Wax,1,1
Prins Thomas,1,1
Luke Una,1,1
Kamma & Masalo,1,1
Sadar Bahar,1,1
LUXE,1,1
Leon Vynehall,1,1
Shoal & Vand,1,1
Inafekt,1,1
Olympe4000,1,1
Dan Shake,1,1
Leo Sanderson,1,1
Rebuke,1,1
Hedda Stenberg,1,1
Tonco,1,1
Victoria De Angelis,1,1
Sozef,1,1
22 Interns,1,1
Enzo Jeff,1,1
Jimi Jua,1,1
Freddi,1,1
Uni Son,1,1
Grace Sands,1,1
Timmerman,1,1
Laurent Garnier,1,1
Steve Rachmad,1,1
Kessler,1,1
Oberman,1,1
Sandwell District,1,1
Costanza,1,1
Jordan Brando,1,1
Jolani Jhones,1,1
Major Lazer,1,1
Kybba,1,1
Travis,1,1
Raven,1,1
bebe bad,1,1
IFIF,1,1
Rob Black,1,1
HoneyLuv,1,1
Syreeta,1,1
Kurashi Soundsystem,1,1
Sandor,1,1
Westside Gunn,1,1
LIL 'VIC,1,1
Tida Kamara,1,1
Varuna Agosti,1,1
TWIENA,1,1
Parrish Smith,1,1
Ben Klock,1,1
Jesse G,1,1
Adriana Lopez,1,1
BLOND:ISH,1,1
Florinsz,1,1
Papa Nugs,1,1
Laura Meester,1,1
Kaufman,1,1
Marco Faraone,1,1
S.A.M.,1,1
Jennifer Loveless,1,1
NIKS,1,1
Dyed Soundorom,1,1
Hervé,1,1
DJ Spit,1,1
Shonky,1,1
DJ Fart in the Club,1,1
Paramida,1,1
Sweely,1,1
Joya Astou,1,1
Gyatso,1,1
Tommy Gold,1,1
dj sweet6teen,1,1
PHIA,1,1
Retromigration,1,1
Denis Sulta,1,1
TSHA,1,1
Pangaea,1,1
Jorg Kuning (live),1,1
Impérieux,1,1
Interpol,1,1
THC,1,1
Mordi,1,1
RONI,1,1
Match Box,1,1
Tama Sumo,1,1
Louie Vega,1,1
Lakuti,1,1
Xiaolin,1,1
Objekt,1,1
Sepehr,1,1
CCL,1,1
KREAM,1,1
Joy Orbison,1,1
BSS,1,1
Nick Leon,1,1
Pearson Sound,1,1
Prosumer,1,1
DJ BORING,1,1
Gabriel Muñoz,1,1
LoveFoxy,1,1
Esi,1,1
DJ Hyperdrive,1,1
DJ Shoplifter,1,1
Pegassi,1,1
Swarobski,1,1
Justin Tinderdate,1,1
Elotrance,1,1
Alexandria,1,1
Anil Aras,1,1
Chris Stussy,1,1
Fumi,1,1
Technoslave 69,1,1
ØTTA,1,1
Malindi,1,1
TINS,1,1
Rozaly,1,1
Bibtiana,1,1
Donato Dozzy,1,1
Marius Bø,1,1
Young Marco & Max Frimout,1,1
Maarten Vos,1,1
SAMOH,1,1
Carmen Lisa,1,1
Charlotte de Witte,1,1
Mau P,1,1
Vanille,1,1
Dixon,1,1
Weska,1,1
Boris Werner,1,1
Pan-Pot,1,1
Sally C,1,1
Mall Grab,1,1
Mees Javois,1,1
Tim Reaper,1,1
Darwin,1,1
Josey Rebelle,1,1
LINSKA,1,1
Kara Okay,1,1
Us Two,1,1
DAF,1,1
Bontan,1,1
X-COAST,1,1
YASMIN REGISFORD,1,1
KTK,1,1
Honey Dijon,1,1
Skee Mask,1,1
Hysteria Temple Foundation,1,1
Jorge Fons,1,1
Timnah,1,1
Floorplan,1,1
Makam,1,1
Gizem,1,1
Antonio Ruscito & Luigi Tozzi,1,1
Andrea Oliva,1,1
Atmos Blaq,1,1
Isabel Soto,1,1
Claudio PRC,1,1
Bakio,1,1
J:Me,1,1
Benji,1,1
Marsolo,1,1
Phil de Janeiro,1,1
Roza Terenzi,1,1
Bitter Babe,1,1
D.Tiffany,1,1
Roi Perez,1,1
Mind Against,1,1
Kerrie,1,1
LazerGazer,1,1
BLANKA,1,1
Zisko,1,1
SAMA,1,1
Julia Maria,1,1
Amotik,1,1
Stojche,1,1
Karina Schneider,1,1
Function,1,1
Hot Since 82,1,1
DJ PAULÃO,1,1
Musclecars,1,1
Satoshi Tomiie,1,1
Giles Peterson,1,1
CVNTS,1,1
Saidah,1,1
Benny2,1,1
Herr Krank,1,1
DJ Frank,1,1
Kendal,1,1
Re-Type,1,1
Brina Knauss,1,1
REZarin,1,1
CRYME,1,1
The Lady Machine,1,1
DJ Fuckoff,1,1
SALOME,1,1
PORNCEPTUAL,1,1
Lilya Mandre,1,1
KUKU,1,1
MoBlack,1,1
Laolu,1,1
The Trip,1,1
DJ Boring,1,1
Merel Helderman,1,1
Tauceti,1,1
Polar Inertia,1,1
Kangding Ray,1,1
Faustin,1,1
DJ Yazi,1,1
Beatrice M.,1,1
Luke Vibert,1,1
Monophonik,1,1
Vlada,1,1
Innersha,1,1
Garcon,1,1
oma totem,1,1
Sunju Hargun,1,1
Decoder,1,1
Trikk,1,1
Yulia Niko,1,1
Massano,1,1
AMORAL,1,1
UFO95,1,1
Valody,1,1
Tafkamp,1,1
Toobris,1,1
BIANKA,1,1
Norbak,1,1
Roger Geressen,1,1
Oliver Huntemann,1,1
Arthur Rober,1,1
Martinou,1,1
Francesco Del Garda,1,1
Entasia,1,1
Miamor,1,1
S3PPA,1,1
THELMA,1,1
Agents of Time,1,1
DAX J,1,1
Hunee,1,1
