name,cm_artist_id,genre_primary,genre_secondary,genre_sub
Len Faki,240495,"{'id': 501261, 'name': 'acidcore', 'type': 'genre_v2', 'source': 'cm'}","[{'id': 501175, 'name': 'house', 'type': 'genre_v2', 'source': 'cm'}, {'id': 501146, 'name': 'dance', 'type': 'genre_v2', 'source': 'cm'}, {'id': 501124, 'name': 'electronic', 'type': 'genre_v2', 'source': 'cm'}, {'id': 507545, 'name': 'acid', 'type': 'genre_v2', 'source': 'cm'}, {'id': 501609, 'name': 'lofi', 'type': 'genre_v2', 'source': 'cm'}, {'id': 501446, 'name': 'dub techno', 'type': 'genre_v2', 'source': 'cm'}, {'id': 501512, 'name': 'hardstyle', 'type': 'genre_v2', 'source': 'cm'}, {'id': 507733, 'name': 'minimal techno', 'type': 'genre_v2', 'source': 'cm'}, {'id': 503318, 'name': 'european ambient', 'type': 'genre_v2', 'source': 'cm'}, {'id': 501236, 'name': 'european dance', 'type': 'genre_v2', 'source': 'cm'}, {'id': 503326, 'name': 'european easy listening', 'type': 'genre_v2', 'source': 'cm'}, {'id': 503309, 'name': 'european electronic', 'type': 'genre_v2', 'source': 'cm'}, {'id': 501234, 'name': 'european hip-hop/rap', 'type': 'genre_v2', 'source': 'cm'}, {'id': 503319, 'name': 'european psychedelic', 'type': 'genre_v2', 'source': 'cm'}]","[{'id': 16873, 'name': 'acid techno', 'type': 'genre', 'source': 'spotify'}]"
Colin Benders,482964,"{'id': 501175, 'name': 'house', 'type': 'genre_v2', 'source': 'cm'}","[{'id': 501146, 'name': 'dance', 'type': 'genre_v2', 'source': 'cm'}, {'id': 501124, 'name': 'electronic', 'type': 'genre_v2', 'source': 'cm'}, {'id': 501261, 'name': 'acidcore', 'type': 'genre_v2', 'source': 'cm'}, {'id': 501140, 'name': 'instrumental', 'type': 'genre_v2', 'source': 'cm'}, {'id': 501511, 'name': 'hardgroove', 'type': 'genre_v2', 'source': 'cm'}, {'id': 501134, 'name': 'ambient', 'type': 'genre_v2', 'source': 'cm'}, {'id': 501675, 'name': 'organic house', 'type': 'genre_v2', 'source': 'cm'}, {'id': 503318, 'name': 'european ambient', 'type': 'genre_v2', 'source': 'cm'}, {'id': 501236, 'name': 'european dance', 'type': 'genre_v2', 'source': 'cm'}, {'id': 503309, 'name': 'european electronic', 'type': 'genre_v2', 'source': 'cm'}, {'id': 503324, 'name': 'european instrumental', 'type': 'genre_v2', 'source': 'cm'}]","[{'id': 11074, 'name': 'compositional ambient', 'type': 'genre', 'source': 'spotify'}, {'id': 464578, 'name': 'dutch experimental electronic', 'type': 'genre', 'source': 'spotify'}]"
Beste Hira,4099269,"{'id': 501261, 'name': 'acidcore', 'type': 'genre_v2', 'source': 'cm'}","[{'id': 501511, 'name': 'hardgroove', 'type': 'genre_v2', 'source': 'cm'}, {'id': 501146, 'name': 'dance', 'type': 'genre_v2', 'source': 'cm'}, {'id': 501124, 'name': 'electronic', 'type': 'genre_v2', 'source': 'cm'}, {'id': 501177, 'name': 'trance', 'type': 'genre_v2', 'source': 'cm'}, {'id': 501175, 'name': 'house', 'type': 'genre_v2', 'source': 'cm'}, {'id': 501446, 'name': 'dub techno', 'type': 'genre_v2', 'source': 'cm'}, {'id': 501236, 'name': 'european dance', 'type': 'genre_v2', 'source': 'cm'}, {'id': 503309, 'name': 'european electronic', 'type': 'genre_v2', 'source': 'cm'}, {'id': 503319, 'name': 'european psychedelic', 'type': 'genre_v2', 'source': 'cm'}]",
Dom Dolla,5572,"{'id': 501815, 'name': 'tech house', 'type': 'genre_v2', 'source': 'cm'}","[{'id': 501175, 'name': 'house', 'type': 'genre_v2', 'source': 'cm'}, {'id': 507816, 'name': 'soulful house', 'type': 'genre_v2', 'source': 'cm'}, {'id': 507626, 'name': 'electro house', 'type': 'genre_v2', 'source': 'cm'}, {'id': 507864, 'name': 'vocal house', 'type': 'genre_v2', 'source': 'cm'}, {'id': 507730, 'name': 'minimal', 'type': 'genre_v2', 'source': 'cm'}, {'id': 507655, 'name': 'funky house', 'type': 'genre_v2', 'source': 'cm'}, {'id': 507712, 'name': 'latin house', 'type': 'genre_v2', 'source': 'cm'}, {'id': 501872, 'name': 'electropop', 'type': 'genre_v2', 'source': 'cm'}, {'id': 507640, 'name': 'fidget house', 'type': 'genre_v2', 'source': 'cm'}, {'id': 503760, 'name': 'australian ambient', 'type': 'genre_v2', 'source': 'cm'}, {'id': 503772, 'name': 'australian dance', 'type': 'genre_v2', 'source': 'cm'}, {'id': 503768, 'name': 'australian easy listening', 'type': 'genre_v2', 'source': 'cm'}, {'id': 503751, 'name': 'australian electronic', 'type': 'genre_v2', 'source': 'cm'}, {'id': 503748, 'name': 'australian hip-hop/rap', 'type': 'genre_v2', 'source': 'cm'}, {'id': 503747, 'name': 'australian pop', 'type': 'genre_v2', 'source': 'cm'}, {'id': 503752, 'name': 'australian r&b/soul', 'type': 'genre_v2', 'source': 'cm'}, {'id': 503749, 'name': 'australian rock', 'type': 'genre_v2', 'source': 'cm'}]",
Moodyman,1392496,"{'id': 501175, 'name': 'house', 'type': 'genre_v2', 'source': 'cm'}","[{'id': 501815, 'name': 'tech house', 'type': 'genre_v2', 'source': 'cm'}]",
Young Marco,211372,"{'id': 501175, 'name': 'house', 'type': 'genre_v2', 'source': 'cm'}","[{'id': 501140, 'name': 'instrumental', 'type': 'genre_v2', 'source': 'cm'}, {'id': 501134, 'name': 'ambient', 'type': 'genre_v2', 'source': 'cm'}, {'id': 501124, 'name': 'electronic', 'type': 'genre_v2', 'source': 'cm'}, {'id': 503578, 'name': 'uk ambient', 'type': 'genre_v2', 'source': 'cm'}, {'id': 503590, 'name': 'uk dance', 'type': 'genre_v2', 'source': 'cm'}, {'id': 503568, 'name': 'uk electronic', 'type': 'genre_v2', 'source': 'cm'}, {'id': 503584, 'name': 'uk instrumental', 'type': 'genre_v2', 'source': 'cm'}]","[{'id': 464578, 'name': 'dutch experimental electronic', 'type': 'genre', 'source': 'spotify'}, {'id': 21337, 'name': 'float house', 'type': 'genre', 'source': 'spotify'}]"
Job Jobse,14023591,,,
Indira Paganotto,656450,"{'id': 501261, 'name': 'acidcore', 'type': 'genre_v2', 'source': 'cm'}","[{'id': 501176, 'name': 'techno', 'type': 'genre_v2', 'source': 'cm'}, {'id': 507614, 'name': 'deep techno', 'type': 'genre_v2', 'source': 'cm'}, {'id': 507730, 'name': 'minimal', 'type': 'genre_v2', 'source': 'cm'}, {'id': 507545, 'name': 'acid', 'type': 'genre_v2', 'source': 'cm'}, {'id': 507676, 'name': 'hard trance', 'type': 'genre_v2', 'source': 'cm'}, {'id': 507692, 'name': 'industrial techno', 'type': 'genre_v2', 'source': 'cm'}, {'id': 501509, 'name': 'hard techno', 'type': 'genre_v2', 'source': 'cm'}, {'id': 503578, 'name': 'uk ambient', 'type': 'genre_v2', 'source': 'cm'}, {'id': 503590, 'name': 'uk dance', 'type': 'genre_v2', 'source': 'cm'}, {'id': 503586, 'name': 'uk easy listening', 'type': 'genre_v2', 'source': 'cm'}, {'id': 503568, 'name': 'uk electronic', 'type': 'genre_v2', 'source': 'cm'}, {'id': 503565, 'name': 'uk hip-hop/rap', 'type': 'genre_v2', 'source': 'cm'}, {'id': 503588, 'name': 'uk industrial', 'type': 'genre_v2', 'source': 'cm'}, {'id': 503579, 'name': 'uk psychedelic', 'type': 'genre_v2', 'source': 'cm'}, {'id': 503566, 'name': 'uk rock', 'type': 'genre_v2', 'source': 'cm'}]","[{'id': 16873, 'name': 'acid techno', 'type': 'genre', 'source': 'spotify'}, {'id': 98797, 'name': 'tekno', 'type': 'genre', 'source': 'spotify'}]"
Loco Dice,212455,"{'id': 501175, 'name': 'house', 'type': 'genre_v2', 'source': 'cm'}","[{'id': 501815, 'name': 'tech house', 'type': 'genre_v2', 'source': 'cm'}, {'id': 503309, 'name': 'european electronic', 'type': 'genre_v2', 'source': 'cm'}, {'id': 507733, 'name': 'minimal techno', 'type': 'genre_v2', 'source': 'cm'}, {'id': 503604, 'name': 'german ambient', 'type': 'genre_v2', 'source': 'cm'}, {'id': 503615, 'name': 'german dance', 'type': 'genre_v2', 'source': 'cm'}, {'id': 503612, 'name': 'german easy listening', 'type': 'genre_v2', 'source': 'cm'}, {'id': 503594, 'name': 'german electronic', 'type': 'genre_v2', 'source': 'cm'}, {'id': 503591, 'name': 'german hip-hop/rap', 'type': 'genre_v2', 'source': 'cm'}]","[{'id': 10361, 'name': 'german techno', 'type': 'genre', 'source': 'spotify'}]"
Maceo Plex,211347,"{'id': 501175, 'name': 'house', 'type': 'genre_v2', 'source': 'cm'}","[{'id': 507730, 'name': 'minimal', 'type': 'genre_v2', 'source': 'cm'}, {'id': 507614, 'name': 'deep techno', 'type': 'genre_v2', 'source': 'cm'}, {'id': 507725, 'name': 'melodic house', 'type': 'genre_v2', 'source': 'cm'}, {'id': 507781, 'name': 'progressive house', 'type': 'genre_v2', 'source': 'cm'}, {'id': 507721, 'name': 'melodic', 'type': 'genre_v2', 'source': 'cm'}, {'id': 507733, 'name': 'minimal techno', 'type': 'genre_v2', 'source': 'cm'}, {'id': 501815, 'name': 'tech house', 'type': 'genre_v2', 'source': 'cm'}, {'id': 507816, 'name': 'soulful house', 'type': 'genre_v2', 'source': 'cm'}, {'id': 501633, 'name': 'melodic techno', 'type': 'genre_v2', 'source': 'cm'}, {'id': 503525, 'name': 'us ambient', 'type': 'genre_v2', 'source': 'cm'}, {'id': 503537, 'name': 'us dance', 'type': 'genre_v2', 'source': 'cm'}, {'id': 503533, 'name': 'us easy listening', 'type': 'genre_v2', 'source': 'cm'}, {'id': 503515, 'name': 'us electronic', 'type': 'genre_v2', 'source': 'cm'}, {'id': 503512, 'name': 'us hip-hop/rap', 'type': 'genre_v2', 'source': 'cm'}, {'id': 503516, 'name': 'us r&b/soul', 'type': 'genre_v2', 'source': 'cm'}]",
Bart Skils,212463,"{'id': 501261, 'name': 'acidcore', 'type': 'genre_v2', 'source': 'cm'}","[{'id': 501175, 'name': 'house', 'type': 'genre_v2', 'source': 'cm'}, {'id': 501176, 'name': 'techno', 'type': 'genre_v2', 'source': 'cm'}, {'id': 507614, 'name': 'deep techno', 'type': 'genre_v2', 'source': 'cm'}, {'id': 507730, 'name': 'minimal', 'type': 'genre_v2', 'source': 'cm'}, {'id': 501815, 'name': 'tech house', 'type': 'genre_v2', 'source': 'cm'}, {'id': 507733, 'name': 'minimal techno', 'type': 'genre_v2', 'source': 'cm'}, {'id': 503271, 'name': 'latin ambient', 'type': 'genre_v2', 'source': 'cm'}, {'id': 501215, 'name': 'latin dance', 'type': 'genre_v2', 'source': 'cm'}, {'id': 503278, 'name': 'latin easy listening', 'type': 'genre_v2', 'source': 'cm'}, {'id': 503263, 'name': 'latin electronic', 'type': 'genre_v2', 'source': 'cm'}, {'id': 501213, 'name': 'latin hip-hop/rap', 'type': 'genre_v2', 'source': 'cm'}]",
Paula Temple,310654,"{'id': 501261, 'name': 'acidcore', 'type': 'genre_v2', 'source': 'cm'}","[{'id': 507614, 'name': 'deep techno', 'type': 'genre_v2', 'source': 'cm'}, {'id': 507545, 'name': 'acid', 'type': 'genre_v2', 'source': 'cm'}, {'id': 501509, 'name': 'hard techno', 'type': 'genre_v2', 'source': 'cm'}, {'id': 501236, 'name': 'european dance', 'type': 'genre_v2', 'source': 'cm'}, {'id': 503309, 'name': 'european electronic', 'type': 'genre_v2', 'source': 'cm'}, {'id': 503319, 'name': 'european psychedelic', 'type': 'genre_v2', 'source': 'cm'}]","[{'id': 16873, 'name': 'acid techno', 'type': 'genre', 'source': 'spotify'}, {'id': 98797, 'name': 'tekno', 'type': 'genre', 'source': 'spotify'}]"
Rossi.,1359659,"{'id': 501175, 'name': 'house', 'type': 'genre_v2', 'source': 'cm'}","[{'id': 501815, 'name': 'tech house', 'type': 'genre_v2', 'source': 'cm'}, {'id': 507730, 'name': 'minimal', 'type': 'genre_v2', 'source': 'cm'}, {'id': 507655, 'name': 'funky house', 'type': 'genre_v2', 'source': 'cm'}, {'id': 507712, 'name': 'latin house', 'type': 'genre_v2', 'source': 'cm'}, {'id': 507864, 'name': 'vocal house', 'type': 'genre_v2', 'source': 'cm'}, {'id': 503578, 'name': 'uk ambient', 'type': 'genre_v2', 'source': 'cm'}, {'id': 503590, 'name': 'uk dance', 'type': 'genre_v2', 'source': 'cm'}, {'id': 503586, 'name': 'uk easy listening', 'type': 'genre_v2', 'source': 'cm'}, {'id': 503568, 'name': 'uk electronic', 'type': 'genre_v2', 'source': 'cm'}, {'id': 503565, 'name': 'uk hip-hop/rap', 'type': 'genre_v2', 'source': 'cm'}, {'id': 503569, 'name': 'uk r&b/soul', 'type': 'genre_v2', 'source': 'cm'}, {'id': 503566, 'name': 'uk rock', 'type': 'genre_v2', 'source': 'cm'}]",
Traumer,215121,"{'id': 501175, 'name': 'house', 'type': 'genre_v2', 'source': 'cm'}","[{'id': 501438, 'name': 'disco house', 'type': 'genre_v2', 'source': 'cm'}, {'id': 501331, 'name': 'brazilian pop', 'type': 'genre_v2', 'source': 'cm'}, {'id': 501431, 'name': 'deep house', 'type': 'genre_v2', 'source': 'cm'}, {'id': 503645, 'name': 'french electronic', 'type': 'genre_v2', 'source': 'cm'}, {'id': 501604, 'name': 'mexican indie', 'type': 'genre_v2', 'source': 'cm'}, {'id': 501815, 'name': 'tech house', 'type': 'genre_v2', 'source': 'cm'}, {'id': 507733, 'name': 'minimal techno', 'type': 'genre_v2', 'source': 'cm'}, {'id': 503309, 'name': 'european electronic', 'type': 'genre_v2', 'source': 'cm'}, {'id': 503655, 'name': 'french ambient', 'type': 'genre_v2', 'source': 'cm'}, {'id': 503667, 'name': 'french dance', 'type': 'genre_v2', 'source': 'cm'}, {'id': 503663, 'name': 'french easy listening', 'type': 'genre_v2', 'source': 'cm'}, {'id': 503642, 'name': 'french hip-hop/rap', 'type': 'genre_v2', 'source': 'cm'}, {'id': 503641, 'name': 'french pop', 'type': 'genre_v2', 'source': 'cm'}, {'id': 503646, 'name': 'french r&b/soul', 'type': 'genre_v2', 'source': 'cm'}, {'id': 503643, 'name': 'french rock', 'type': 'genre_v2', 'source': 'cm'}]","[{'id': 419412, 'name': 'french techno', 'type': 'genre', 'source': 'spotify'}, {'id': 25045, 'name': 'minimal tech house', 'type': 'genre', 'source': 'spotify'}]"
Benny Rodrigues,194389,"{'id': 501175, 'name': 'house', 'type': 'genre_v2', 'source': 'cm'}","[{'id': 501261, 'name': 'acidcore', 'type': 'genre_v2', 'source': 'cm'}, {'id': 501815, 'name': 'tech house', 'type': 'genre_v2', 'source': 'cm'}, {'id': 507546, 'name': 'acid house', 'type': 'genre_v2', 'source': 'cm'}, {'id': 501236, 'name': 'european dance', 'type': 'genre_v2', 'source': 'cm'}, {'id': 503309, 'name': 'european electronic', 'type': 'genre_v2', 'source': 'cm'}, {'id': 503319, 'name': 'european psychedelic', 'type': 'genre_v2', 'source': 'cm'}]",
De Sluwe Vos,598668,"{'id': 501175, 'name': 'house', 'type': 'genre_v2', 'source': 'cm'}","[{'id': 501261, 'name': 'acidcore', 'type': 'genre_v2', 'source': 'cm'}, {'id': 501236, 'name': 'european dance', 'type': 'genre_v2', 'source': 'cm'}, {'id': 503309, 'name': 'european electronic', 'type': 'genre_v2', 'source': 'cm'}]",
Darkraver,15047257,"{'id': 501177, 'name': 'trance', 'type': 'genre_v2', 'source': 'cm'}",,
Jensen Interceptor,194548,"{'id': 501124, 'name': 'electronic', 'type': 'genre_v2', 'source': 'cm'}","[{'id': 501175, 'name': 'house', 'type': 'genre_v2', 'source': 'cm'}, {'id': 501146, 'name': 'dance', 'type': 'genre_v2', 'source': 'cm'}, {'id': 501261, 'name': 'acidcore', 'type': 'genre_v2', 'source': 'cm'}, {'id': 501511, 'name': 'hardgroove', 'type': 'genre_v2', 'source': 'cm'}, {'id': 501177, 'name': 'trance', 'type': 'genre_v2', 'source': 'cm'}, {'id': 507647, 'name': 'footwork', 'type': 'genre_v2', 'source': 'cm'}, {'id': 501446, 'name': 'dub techno', 'type': 'genre_v2', 'source': 'cm'}, {'id': 507545, 'name': 'acid', 'type': 'genre_v2', 'source': 'cm'}, {'id': 507554, 'name': 'alternative metal', 'type': 'genre_v2', 'source': 'cm'}, {'id': 503309, 'name': 'european electronic', 'type': 'genre_v2', 'source': 'cm'}, {'id': 503265, 'name': 'latin jazz', 'type': 'genre_v2', 'source': 'cm'}, {'id': 503758, 'name': 'australian alternative', 'type': 'genre_v2', 'source': 'cm'}, {'id': 503772, 'name': 'australian dance', 'type': 'genre_v2', 'source': 'cm'}, {'id': 503751, 'name': 'australian electronic', 'type': 'genre_v2', 'source': 'cm'}, {'id': 503748, 'name': 'australian hip-hop/rap', 'type': 'genre_v2', 'source': 'cm'}, {'id': 503754, 'name': 'australian jazz', 'type': 'genre_v2', 'source': 'cm'}, {'id': 503750, 'name': 'australian metal', 'type': 'genre_v2', 'source': 'cm'}, {'id': 503761, 'name': 'australian psychedelic', 'type': 'genre_v2', 'source': 'cm'}]","[{'id': 16873, 'name': 'acid techno', 'type': 'genre', 'source': 'spotify'}, {'id': 712, 'name': 'breakbeat', 'type': 'genre', 'source': 'spotify'}, {'id': 38754, 'name': 'miami bass', 'type': 'genre', 'source': 'spotify'}]"
Charlotte de Witte,116568,"{'id': 501261, 'name': 'acidcore', 'type': 'genre_v2', 'source': 'cm'}","[{'id': 501176, 'name': 'techno', 'type': 'genre_v2', 'source': 'cm'}, {'id': 507614, 'name': 'deep techno', 'type': 'genre_v2', 'source': 'cm'}, {'id': 507730, 'name': 'minimal', 'type': 'genre_v2', 'source': 'cm'}, {'id': 507545, 'name': 'acid', 'type': 'genre_v2', 'source': 'cm'}, {'id': 507676, 'name': 'hard trance', 'type': 'genre_v2', 'source': 'cm'}, {'id': 507692, 'name': 'industrial techno', 'type': 'genre_v2', 'source': 'cm'}, {'id': 501815, 'name': 'tech house', 'type': 'genre_v2', 'source': 'cm'}, {'id': 507733, 'name': 'minimal techno', 'type': 'genre_v2', 'source': 'cm'}, {'id': 507721, 'name': 'melodic', 'type': 'genre_v2', 'source': 'cm'}, {'id': 501509, 'name': 'hard techno', 'type': 'genre_v2', 'source': 'cm'}, {'id': 503318, 'name': 'european ambient', 'type': 'genre_v2', 'source': 'cm'}, {'id': 501236, 'name': 'european dance', 'type': 'genre_v2', 'source': 'cm'}, {'id': 503326, 'name': 'european easy listening', 'type': 'genre_v2', 'source': 'cm'}, {'id': 503309, 'name': 'european electronic', 'type': 'genre_v2', 'source': 'cm'}, {'id': 501234, 'name': 'european hip-hop/rap', 'type': 'genre_v2', 'source': 'cm'}, {'id': 503319, 'name': 'european psychedelic', 'type': 'genre_v2', 'source': 'cm'}, {'id': 501235, 'name': 'european rock', 'type': 'genre_v2', 'source': 'cm'}, {'id': 503328, 'name': 'european industrial', 'type': 'genre_v2', 'source': 'cm'}]","[{'id': 16873, 'name': 'acid techno', 'type': 'genre', 'source': 'spotify'}, {'id': 98797, 'name': 'tekno', 'type': 'genre', 'source': 'spotify'}]"
Ricardo Villalobos,60744,"{'id': 501175, 'name': 'house', 'type': 'genre_v2', 'source': 'cm'}","[{'id': 501146, 'name': 'dance', 'type': 'genre_v2', 'source': 'cm'}, {'id': 501124, 'name': 'electronic', 'type': 'genre_v2', 'source': 'cm'}, {'id': 501122, 'name': 'rock', 'type': 'genre_v2', 'source': 'cm'}, {'id': 501134, 'name': 'ambient', 'type': 'genre_v2', 'source': 'cm'}, {'id': 501140, 'name': 'instrumental', 'type': 'genre_v2', 'source': 'cm'}, {'id': 501127, 'name': 'jazz', 'type': 'genre_v2', 'source': 'cm'}, {'id': 501675, 'name': 'organic house', 'type': 'genre_v2', 'source': 'cm'}, {'id': 501446, 'name': 'dub techno', 'type': 'genre_v2', 'source': 'cm'}, {'id': 507733, 'name': 'minimal techno', 'type': 'genre_v2', 'source': 'cm'}, {'id': 503604, 'name': 'german ambient', 'type': 'genre_v2', 'source': 'cm'}, {'id': 503615, 'name': 'german dance', 'type': 'genre_v2', 'source': 'cm'}, {'id': 503612, 'name': 'german easy listening', 'type': 'genre_v2', 'source': 'cm'}, {'id': 503594, 'name': 'german electronic', 'type': 'genre_v2', 'source': 'cm'}, {'id': 503591, 'name': 'german hip-hop/rap', 'type': 'genre_v2', 'source': 'cm'}, {'id': 503610, 'name': 'german instrumental', 'type': 'genre_v2', 'source': 'cm'}, {'id': 503597, 'name': 'german jazz', 'type': 'genre_v2', 'source': 'cm'}, {'id': 503592, 'name': 'german rock', 'type': 'genre_v2', 'source': 'cm'}]",
DVS1,191569,"{'id': 501261, 'name': 'acidcore', 'type': 'genre_v2', 'source': 'cm'}","[{'id': 501175, 'name': 'house', 'type': 'genre_v2', 'source': 'cm'}, {'id': 507614, 'name': 'deep techno', 'type': 'genre_v2', 'source': 'cm'}, {'id': 501446, 'name': 'dub techno', 'type': 'genre_v2', 'source': 'cm'}, {'id': 507733, 'name': 'minimal techno', 'type': 'genre_v2', 'source': 'cm'}, {'id': 503604, 'name': 'german ambient', 'type': 'genre_v2', 'source': 'cm'}, {'id': 503615, 'name': 'german dance', 'type': 'genre_v2', 'source': 'cm'}, {'id': 503612, 'name': 'german easy listening', 'type': 'genre_v2', 'source': 'cm'}, {'id': 503594, 'name': 'german electronic', 'type': 'genre_v2', 'source': 'cm'}, {'id': 503591, 'name': 'german hip-hop/rap', 'type': 'genre_v2', 'source': 'cm'}]",
Speedy J,313763,"{'id': 501175, 'name': 'house', 'type': 'genre_v2', 'source': 'cm'}","[{'id': 501146, 'name': 'dance', 'type': 'genre_v2', 'source': 'cm'}, {'id': 501124, 'name': 'electronic', 'type': 'genre_v2', 'source': 'cm'}, {'id': 501261, 'name': 'acidcore', 'type': 'genre_v2', 'source': 'cm'}, {'id': 503537, 'name': 'us dance', 'type': 'genre_v2', 'source': 'cm'}, {'id': 503515, 'name': 'us electronic', 'type': 'genre_v2', 'source': 'cm'}]","[{'id': 464578, 'name': 'dutch experimental electronic', 'type': 'genre', 'source': 'spotify'}, {'id': 746, 'name': 'idm', 'type': 'genre', 'source': 'spotify'}, {'id': 15236, 'name': 'intelligent dance music', 'type': 'genre', 'source': 'spotify'}]"
Joris Voorn,2160,"{'id': 501175, 'name': 'house', 'type': 'genre_v2', 'source': 'cm'}","[{'id': 501633, 'name': 'melodic techno', 'type': 'genre_v2', 'source': 'cm'}, {'id': 501877, 'name': 'alternative pop', 'type': 'genre_v2', 'source': 'cm'}, {'id': 503269, 'name': 'latin alternative', 'type': 'genre_v2', 'source': 'cm'}, {'id': 501431, 'name': 'deep house', 'type': 'genre_v2', 'source': 'cm'}, {'id': 505598, 'name': 'latin indie', 'type': 'genre_v2', 'source': 'cm'}, {'id': 507725, 'name': 'melodic house', 'type': 'genre_v2', 'source': 'cm'}, {'id': 503316, 'name': 'european alternative', 'type': 'genre_v2', 'source': 'cm'}, {'id': 501236, 'name': 'european dance', 'type': 'genre_v2', 'source': 'cm'}, {'id': 503309, 'name': 'european electronic', 'type': 'genre_v2', 'source': 'cm'}, {'id': 501233, 'name': 'european pop', 'type': 'genre_v2', 'source': 'cm'}, {'id': 501235, 'name': 'european rock', 'type': 'genre_v2', 'source': 'cm'}]",
Luuk van Dijk,89256,"{'id': 501175, 'name': 'house', 'type': 'genre_v2', 'source': 'cm'}","[{'id': 501815, 'name': 'tech house', 'type': 'genre_v2', 'source': 'cm'}, {'id': 507730, 'name': 'minimal', 'type': 'genre_v2', 'source': 'cm'}, {'id': 503604, 'name': 'german ambient', 'type': 'genre_v2', 'source': 'cm'}, {'id': 503615, 'name': 'german dance', 'type': 'genre_v2', 'source': 'cm'}, {'id': 503612, 'name': 'german easy listening', 'type': 'genre_v2', 'source': 'cm'}, {'id': 503594, 'name': 'german electronic', 'type': 'genre_v2', 'source': 'cm'}, {'id': 503591, 'name': 'german hip-hop/rap', 'type': 'genre_v2', 'source': 'cm'}]",
Gerd Janson,390851,"{'id': 501175, 'name': 'house', 'type': 'genre_v2', 'source': 'cm'}","[{'id': 501437, 'name': 'disco', 'type': 'genre_v2', 'source': 'cm'}, {'id': 507655, 'name': 'funky house', 'type': 'genre_v2', 'source': 'cm'}, {'id': 507768, 'name': 'post-disco', 'type': 'genre_v2', 'source': 'cm'}, {'id': 507864, 'name': 'vocal house', 'type': 'genre_v2', 'source': 'cm'}, {'id': 507650, 'name': 'french house', 'type': 'genre_v2', 'source': 'cm'}, {'id': 501438, 'name': 'disco house', 'type': 'genre_v2', 'source': 'cm'}, {'id': 504407, 'name': 'americana', 'type': 'genre_v2', 'source': 'cm'}, {'id': 501431, 'name': 'deep house', 'type': 'genre_v2', 'source': 'cm'}, {'id': 501272, 'name': 'amapiano', 'type': 'genre_v2', 'source': 'cm'}, {'id': 501388, 'name': 'city pop', 'type': 'genre_v2', 'source': 'cm'}, {'id': 503601, 'name': 'german country', 'type': 'genre_v2', 'source': 'cm'}, {'id': 503615, 'name': 'german dance', 'type': 'genre_v2', 'source': 'cm'}, {'id': 503612, 'name': 'german easy listening', 'type': 'genre_v2', 'source': 'cm'}, {'id': 503594, 'name': 'german electronic', 'type': 'genre_v2', 'source': 'cm'}, {'id': 503610, 'name': 'german instrumental', 'type': 'genre_v2', 'source': 'cm'}, {'id': 503597, 'name': 'german jazz', 'type': 'genre_v2', 'source': 'cm'}, {'id': 501494, 'name': 'german pop', 'type': 'genre_v2', 'source': 'cm'}, {'id': 503595, 'name': 'german r&b/soul', 'type': 'genre_v2', 'source': 'cm'}, {'id': 503592, 'name': 'german rock', 'type': 'genre_v2', 'source': 'cm'}]","[{'id': 55680, 'name': 'deep soul house', 'type': 'genre', 'source': 'spotify'}, {'id': 506752, 'name': 'indie dance', 'type': 'genre', 'source': 'spotify'}, {'id': 18719, 'name': 'nu disco', 'type': 'genre', 'source': 'spotify'}]"
Hunee,483960,"{'id': 501175, 'name': 'house', 'type': 'genre_v2', 'source': 'cm'}","[{'id': 501146, 'name': 'dance', 'type': 'genre_v2', 'source': 'cm'}, {'id': 501124, 'name': 'electronic', 'type': 'genre_v2', 'source': 'cm'}, {'id': 501438, 'name': 'disco house', 'type': 'genre_v2', 'source': 'cm'}, {'id': 503590, 'name': 'uk dance', 'type': 'genre_v2', 'source': 'cm'}, {'id': 503568, 'name': 'uk electronic', 'type': 'genre_v2', 'source': 'cm'}, {'id': 503569, 'name': 'uk r&b/soul', 'type': 'genre_v2', 'source': 'cm'}]","[{'id': 404939, 'name': 'lo-fi house', 'type': 'genre', 'source': 'spotify'}]"
Antal,570353,"{'id': 501234, 'name': 'european hip-hop/rap', 'type': 'genre_v2', 'source': 'cm'}","[{'id': 501533, 'name': 'hungarian', 'type': 'genre_v2', 'source': 'cm'}, {'id': 509483, 'name': 'hungarian hip-hop/rap', 'type': 'genre_v2', 'source': 'cm'}]","[{'id': 69211, 'name': 'hungarian hip hop', 'type': 'genre', 'source': 'spotify'}, {'id': 464247, 'name': 'hungarian underground rap', 'type': 'genre', 'source': 'spotify'}]"
Hot Since 82,29540,"{'id': 501175, 'name': 'house', 'type': 'genre_v2', 'source': 'cm'}","[{'id': 501815, 'name': 'tech house', 'type': 'genre_v2', 'source': 'cm'}, {'id': 507730, 'name': 'minimal', 'type': 'genre_v2', 'source': 'cm'}, {'id': 507816, 'name': 'soulful house', 'type': 'genre_v2', 'source': 'cm'}, {'id': 507614, 'name': 'deep techno', 'type': 'genre_v2', 'source': 'cm'}, {'id': 507781, 'name': 'progressive house', 'type': 'genre_v2', 'source': 'cm'}, {'id': 501431, 'name': 'deep house', 'type': 'genre_v2', 'source': 'cm'}, {'id': 503578, 'name': 'uk ambient', 'type': 'genre_v2', 'source': 'cm'}, {'id': 503590, 'name': 'uk dance', 'type': 'genre_v2', 'source': 'cm'}, {'id': 503586, 'name': 'uk easy listening', 'type': 'genre_v2', 'source': 'cm'}, {'id': 503568, 'name': 'uk electronic', 'type': 'genre_v2', 'source': 'cm'}, {'id': 503565, 'name': 'uk hip-hop/rap', 'type': 'genre_v2', 'source': 'cm'}, {'id': 503569, 'name': 'uk r&b/soul', 'type': 'genre_v2', 'source': 'cm'}]",
Mind Against,326450,"{'id': 501175, 'name': 'house', 'type': 'genre_v2', 'source': 'cm'}","[{'id': 501815, 'name': 'tech house', 'type': 'genre_v2', 'source': 'cm'}, {'id': 507614, 'name': 'deep techno', 'type': 'genre_v2', 'source': 'cm'}, {'id': 507730, 'name': 'minimal', 'type': 'genre_v2', 'source': 'cm'}, {'id': 507721, 'name': 'melodic', 'type': 'genre_v2', 'source': 'cm'}, {'id': 507725, 'name': 'melodic house', 'type': 'genre_v2', 'source': 'cm'}, {'id': 507781, 'name': 'progressive house', 'type': 'genre_v2', 'source': 'cm'}, {'id': 507816, 'name': 'soulful house', 'type': 'genre_v2', 'source': 'cm'}, {'id': 507733, 'name': 'minimal techno', 'type': 'genre_v2', 'source': 'cm'}, {'id': 507850, 'name': 'tribal house', 'type': 'genre_v2', 'source': 'cm'}, {'id': 501633, 'name': 'melodic techno', 'type': 'genre_v2', 'source': 'cm'}, {'id': 507552, 'name': 'alt-country', 'type': 'genre_v2', 'source': 'cm'}, {'id': 507602, 'name': 'country rock', 'type': 'genre_v2', 'source': 'cm'}, {'id': 507645, 'name': 'folk rock', 'type': 'genre_v2', 'source': 'cm'}, {'id': 503602, 'name': 'german alternative', 'type': 'genre_v2', 'source': 'cm'}, {'id': 503604, 'name': 'german ambient', 'type': 'genre_v2', 'source': 'cm'}, {'id': 503601, 'name': 'german country', 'type': 'genre_v2', 'source': 'cm'}, {'id': 503615, 'name': 'german dance', 'type': 'genre_v2', 'source': 'cm'}, {'id': 503612, 'name': 'german easy listening', 'type': 'genre_v2', 'source': 'cm'}, {'id': 503594, 'name': 'german electronic', 'type': 'genre_v2', 'source': 'cm'}, {'id': 503600, 'name': 'german folk', 'type': 'genre_v2', 'source': 'cm'}, {'id': 503591, 'name': 'german hip-hop/rap', 'type': 'genre_v2', 'source': 'cm'}, {'id': 503595, 'name': 'german r&b/soul', 'type': 'genre_v2', 'source': 'cm'}, {'id': 503592, 'name': 'german rock', 'type': 'genre_v2', 'source': 'cm'}]",
Agents Of Time,483206,"{'id': 501815, 'name': 'tech house', 'type': 'genre_v2', 'source': 'cm'}","[{'id': 501175, 'name': 'house', 'type': 'genre_v2', 'source': 'cm'}, {'id': 507725, 'name': 'melodic house', 'type': 'genre_v2', 'source': 'cm'}, {'id': 507730, 'name': 'minimal', 'type': 'genre_v2', 'source': 'cm'}, {'id': 507781, 'name': 'progressive house', 'type': 'genre_v2', 'source': 'cm'}, {'id': 507614, 'name': 'deep techno', 'type': 'genre_v2', 'source': 'cm'}, {'id': 507721, 'name': 'melodic', 'type': 'genre_v2', 'source': 'cm'}, {'id': 507816, 'name': 'soulful house', 'type': 'genre_v2', 'source': 'cm'}, {'id': 507733, 'name': 'minimal techno', 'type': 'genre_v2', 'source': 'cm'}, {'id': 501633, 'name': 'melodic techno', 'type': 'genre_v2', 'source': 'cm'}, {'id': 501170, 'name': 'hard rock', 'type': 'genre_v2', 'source': 'cm'}, {'id': 507818, 'name': 'southern rock', 'type': 'genre_v2', 'source': 'cm'}, {'id': 503318, 'name': 'european ambient', 'type': 'genre_v2', 'source': 'cm'}, {'id': 501236, 'name': 'european dance', 'type': 'genre_v2', 'source': 'cm'}, {'id': 503326, 'name': 'european easy listening', 'type': 'genre_v2', 'source': 'cm'}, {'id': 503309, 'name': 'european electronic', 'type': 'genre_v2', 'source': 'cm'}, {'id': 501234, 'name': 'european hip-hop/rap', 'type': 'genre_v2', 'source': 'cm'}, {'id': 503310, 'name': 'european r&b/soul', 'type': 'genre_v2', 'source': 'cm'}, {'id': 501235, 'name': 'european rock', 'type': 'genre_v2', 'source': 'cm'}]",
Massano,3545242,"{'id': 501815, 'name': 'tech house', 'type': 'genre_v2', 'source': 'cm'}","[{'id': 507725, 'name': 'melodic house', 'type': 'genre_v2', 'source': 'cm'}, {'id': 507721, 'name': 'melodic', 'type': 'genre_v2', 'source': 'cm'}, {'id': 507781, 'name': 'progressive house', 'type': 'genre_v2', 'source': 'cm'}, {'id': 507614, 'name': 'deep techno', 'type': 'genre_v2', 'source': 'cm'}, {'id': 507730, 'name': 'minimal', 'type': 'genre_v2', 'source': 'cm'}, {'id': 501175, 'name': 'house', 'type': 'genre_v2', 'source': 'cm'}, {'id': 507816, 'name': 'soulful house', 'type': 'genre_v2', 'source': 'cm'}, {'id': 507733, 'name': 'minimal techno', 'type': 'genre_v2', 'source': 'cm'}, {'id': 501176, 'name': 'techno', 'type': 'genre_v2', 'source': 'cm'}, {'id': 507712, 'name': 'latin house', 'type': 'genre_v2', 'source': 'cm'}, {'id': 507626, 'name': 'electro house', 'type': 'genre_v2', 'source': 'cm'}, {'id': 501135, 'name': 'psychedelic', 'type': 'genre_v2', 'source': 'cm'}, {'id': 507850, 'name': 'tribal house', 'type': 'genre_v2', 'source': 'cm'}, {'id': 501633, 'name': 'melodic techno', 'type': 'genre_v2', 'source': 'cm'}, {'id': 503604, 'name': 'german ambient', 'type': 'genre_v2', 'source': 'cm'}, {'id': 503615, 'name': 'german dance', 'type': 'genre_v2', 'source': 'cm'}, {'id': 503612, 'name': 'german easy listening', 'type': 'genre_v2', 'source': 'cm'}, {'id': 503594, 'name': 'german electronic', 'type': 'genre_v2', 'source': 'cm'}, {'id': 503591, 'name': 'german hip-hop/rap', 'type': 'genre_v2', 'source': 'cm'}, {'id': 503605, 'name': 'german psychedelic', 'type': 'genre_v2', 'source': 'cm'}, {'id': 503595, 'name': 'german r&b/soul', 'type': 'genre_v2', 'source': 'cm'}]",
Kevin de Vries,70439,"{'id': 501815, 'name': 'tech house', 'type': 'genre_v2', 'source': 'cm'}","[{'id': 507614, 'name': 'deep techno', 'type': 'genre_v2', 'source': 'cm'}, {'id': 507730, 'name': 'minimal', 'type': 'genre_v2', 'source': 'cm'}, {'id': 501175, 'name': 'house', 'type': 'genre_v2', 'source': 'cm'}, {'id': 507725, 'name': 'melodic house', 'type': 'genre_v2', 'source': 'cm'}, {'id': 507721, 'name': 'melodic', 'type': 'genre_v2', 'source': 'cm'}, {'id': 507781, 'name': 'progressive house', 'type': 'genre_v2', 'source': 'cm'}, {'id': 507733, 'name': 'minimal techno', 'type': 'genre_v2', 'source': 'cm'}, {'id': 507816, 'name': 'soulful house', 'type': 'genre_v2', 'source': 'cm'}, {'id': 501176, 'name': 'techno', 'type': 'genre_v2', 'source': 'cm'}, {'id': 501633, 'name': 'melodic techno', 'type': 'genre_v2', 'source': 'cm'}, {'id': 501431, 'name': 'deep house', 'type': 'genre_v2', 'source': 'cm'}, {'id': 503271, 'name': 'latin ambient', 'type': 'genre_v2', 'source': 'cm'}, {'id': 501215, 'name': 'latin dance', 'type': 'genre_v2', 'source': 'cm'}, {'id': 503278, 'name': 'latin easy listening', 'type': 'genre_v2', 'source': 'cm'}, {'id': 503263, 'name': 'latin electronic', 'type': 'genre_v2', 'source': 'cm'}, {'id': 501213, 'name': 'latin hip-hop/rap', 'type': 'genre_v2', 'source': 'cm'}, {'id': 503264, 'name': 'latin r&b/soul', 'type': 'genre_v2', 'source': 'cm'}]","[{'id': 24294, 'name': 'deep melodic euro house', 'type': 'genre', 'source': 'spotify'}]"
Colyn,1375491,"{'id': 501815, 'name': 'tech house', 'type': 'genre_v2', 'source': 'cm'}","[{'id': 507614, 'name': 'deep techno', 'type': 'genre_v2', 'source': 'cm'}, {'id': 507730, 'name': 'minimal', 'type': 'genre_v2', 'source': 'cm'}, {'id': 507725, 'name': 'melodic house', 'type': 'genre_v2', 'source': 'cm'}, {'id': 507781, 'name': 'progressive house', 'type': 'genre_v2', 'source': 'cm'}, {'id': 507721, 'name': 'melodic', 'type': 'genre_v2', 'source': 'cm'}, {'id': 501175, 'name': 'house', 'type': 'genre_v2', 'source': 'cm'}, {'id': 507816, 'name': 'soulful house', 'type': 'genre_v2', 'source': 'cm'}, {'id': 507733, 'name': 'minimal techno', 'type': 'genre_v2', 'source': 'cm'}, {'id': 501135, 'name': 'psychedelic', 'type': 'genre_v2', 'source': 'cm'}, {'id': 501633, 'name': 'melodic techno', 'type': 'genre_v2', 'source': 'cm'}, {'id': 507555, 'name': 'alternative r&b', 'type': 'genre_v2', 'source': 'cm'}, {'id': 501195, 'name': 'christian', 'type': 'genre_v2', 'source': 'cm'}, {'id': 501301, 'name': 'baroque', 'type': 'genre_v2', 'source': 'cm'}, {'id': 503602, 'name': 'german alternative', 'type': 'genre_v2', 'source': 'cm'}, {'id': 503604, 'name': 'german ambient', 'type': 'genre_v2', 'source': 'cm'}, {'id': 503596, 'name': 'german classical', 'type': 'genre_v2', 'source': 'cm'}, {'id': 503615, 'name': 'german dance', 'type': 'genre_v2', 'source': 'cm'}, {'id': 503599, 'name': 'german devotional & spiritual', 'type': 'genre_v2', 'source': 'cm'}, {'id': 503612, 'name': 'german easy listening', 'type': 'genre_v2', 'source': 'cm'}, {'id': 503594, 'name': 'german electronic', 'type': 'genre_v2', 'source': 'cm'}, {'id': 503591, 'name': 'german hip-hop/rap', 'type': 'genre_v2', 'source': 'cm'}, {'id': 503610, 'name': 'german instrumental', 'type': 'genre_v2', 'source': 'cm'}, {'id': 503605, 'name': 'german psychedelic', 'type': 'genre_v2', 'source': 'cm'}, {'id': 503595, 'name': 'german r&b/soul', 'type': 'genre_v2', 'source': 'cm'}]",
Dixon,380539,"{'id': 501175, 'name': 'house', 'type': 'genre_v2', 'source': 'cm'}","[{'id': 507614, 'name': 'deep techno', 'type': 'genre_v2', 'source': 'cm'}, {'id': 507725, 'name': 'melodic house', 'type': 'genre_v2', 'source': 'cm'}, {'id': 507730, 'name': 'minimal', 'type': 'genre_v2', 'source': 'cm'}, {'id': 507781, 'name': 'progressive house', 'type': 'genre_v2', 'source': 'cm'}, {'id': 507721, 'name': 'melodic', 'type': 'genre_v2', 'source': 'cm'}, {'id': 501675, 'name': 'organic house', 'type': 'genre_v2', 'source': 'cm'}, {'id': 503309, 'name': 'european electronic', 'type': 'genre_v2', 'source': 'cm'}, {'id': 501431, 'name': 'deep house', 'type': 'genre_v2', 'source': 'cm'}, {'id': 503525, 'name': 'us ambient', 'type': 'genre_v2', 'source': 'cm'}, {'id': 503537, 'name': 'us dance', 'type': 'genre_v2', 'source': 'cm'}, {'id': 503533, 'name': 'us easy listening', 'type': 'genre_v2', 'source': 'cm'}, {'id': 503515, 'name': 'us electronic', 'type': 'genre_v2', 'source': 'cm'}, {'id': 503512, 'name': 'us hip-hop/rap', 'type': 'genre_v2', 'source': 'cm'}]","[{'id': 24292, 'name': 'deep disco house', 'type': 'genre', 'source': 'spotify'}, {'id': 435710, 'name': 'german house', 'type': 'genre', 'source': 'spotify'}, {'id': 15947, 'name': 'microhouse', 'type': 'genre', 'source': 'spotify'}]"
Joy Orbison,42839,"{'id': 501175, 'name': 'house', 'type': 'genre_v2', 'source': 'cm'}","[{'id': 507769, 'name': 'post-dubstep', 'type': 'genre_v2', 'source': 'cm'}, {'id': 501124, 'name': 'electronic', 'type': 'genre_v2', 'source': 'cm'}, {'id': 501146, 'name': 'dance', 'type': 'genre_v2', 'source': 'cm'}, {'id': 507647, 'name': 'footwork', 'type': 'genre_v2', 'source': 'cm'}, {'id': 501446, 'name': 'dub techno', 'type': 'genre_v2', 'source': 'cm'}, {'id': 501841, 'name': 'uk garage', 'type': 'genre_v2', 'source': 'cm'}, {'id': 503590, 'name': 'uk dance', 'type': 'genre_v2', 'source': 'cm'}, {'id': 503568, 'name': 'uk electronic', 'type': 'genre_v2', 'source': 'cm'}, {'id': 503565, 'name': 'uk hip-hop/rap', 'type': 'genre_v2', 'source': 'cm'}, {'id': 503566, 'name': 'uk rock', 'type': 'genre_v2', 'source': 'cm'}]",
Mall Grab,431329,"{'id': 501175, 'name': 'house', 'type': 'genre_v2', 'source': 'cm'}","[{'id': 501511, 'name': 'hardgroove', 'type': 'genre_v2', 'source': 'cm'}, {'id': 507730, 'name': 'minimal', 'type': 'genre_v2', 'source': 'cm'}, {'id': 507647, 'name': 'footwork', 'type': 'genre_v2', 'source': 'cm'}, {'id': 507655, 'name': 'funky house', 'type': 'genre_v2', 'source': 'cm'}, {'id': 501815, 'name': 'tech house', 'type': 'genre_v2', 'source': 'cm'}, {'id': 507614, 'name': 'deep techno', 'type': 'genre_v2', 'source': 'cm'}, {'id': 507706, 'name': 'jazzy house', 'type': 'genre_v2', 'source': 'cm'}, {'id': 501438, 'name': 'disco house', 'type': 'genre_v2', 'source': 'cm'}, {'id': 503760, 'name': 'australian ambient', 'type': 'genre_v2', 'source': 'cm'}, {'id': 503772, 'name': 'australian dance', 'type': 'genre_v2', 'source': 'cm'}, {'id': 503768, 'name': 'australian easy listening', 'type': 'genre_v2', 'source': 'cm'}, {'id': 503751, 'name': 'australian electronic', 'type': 'genre_v2', 'source': 'cm'}, {'id': 503748, 'name': 'australian hip-hop/rap', 'type': 'genre_v2', 'source': 'cm'}, {'id': 503754, 'name': 'australian jazz', 'type': 'genre_v2', 'source': 'cm'}, {'id': 503752, 'name': 'australian r&b/soul', 'type': 'genre_v2', 'source': 'cm'}, {'id': 503749, 'name': 'australian rock', 'type': 'genre_v2', 'source': 'cm'}]","[{'id': 404939, 'name': 'lo-fi house', 'type': 'genre', 'source': 'spotify'}]"
Honey Dijon,40069,"{'id': 501175, 'name': 'house', 'type': 'genre_v2', 'source': 'cm'}","[{'id': 501438, 'name': 'disco house', 'type': 'genre_v2', 'source': 'cm'}, {'id': 503537, 'name': 'us dance', 'type': 'genre_v2', 'source': 'cm'}, {'id': 503515, 'name': 'us electronic', 'type': 'genre_v2', 'source': 'cm'}, {'id': 503516, 'name': 'us r&b/soul', 'type': 'genre_v2', 'source': 'cm'}]","[{'id': 464029, 'name': 'garage house', 'type': 'genre', 'source': 'spotify'}]"
Floorplan,33523,"{'id': 501175, 'name': 'house', 'type': 'genre_v2', 'source': 'cm'}","[{'id': 501438, 'name': 'disco house', 'type': 'genre_v2', 'source': 'cm'}, {'id': 503458, 'name': 'southeast asian hip-hop/rap', 'type': 'genre_v2', 'source': 'cm'}, {'id': 507547, 'name': 'acid jazz', 'type': 'genre_v2', 'source': 'cm'}, {'id': 507655, 'name': 'funky house', 'type': 'genre_v2', 'source': 'cm'}, {'id': 503515, 'name': 'us electronic', 'type': 'genre_v2', 'source': 'cm'}, {'id': 501134, 'name': 'ambient', 'type': 'genre_v2', 'source': 'cm'}, {'id': 503488, 'name': 'north american electronic', 'type': 'genre_v2', 'source': 'cm'}, {'id': 503525, 'name': 'us ambient', 'type': 'genre_v2', 'source': 'cm'}, {'id': 503537, 'name': 'us dance', 'type': 'genre_v2', 'source': 'cm'}, {'id': 503512, 'name': 'us hip-hop/rap', 'type': 'genre_v2', 'source': 'cm'}, {'id': 503518, 'name': 'us jazz', 'type': 'genre_v2', 'source': 'cm'}, {'id': 503526, 'name': 'us psychedelic', 'type': 'genre_v2', 'source': 'cm'}, {'id': 503516, 'name': 'us r&b/soul', 'type': 'genre_v2', 'source': 'cm'}, {'id': 503513, 'name': 'us rock', 'type': 'genre_v2', 'source': 'cm'}]","[{'id': 14276, 'name': 'chicago house', 'type': 'genre', 'source': 'spotify'}]"
Robert Hood,422841,"{'id': 501175, 'name': 'house', 'type': 'genre_v2', 'source': 'cm'}","[{'id': 501261, 'name': 'acidcore', 'type': 'genre_v2', 'source': 'cm'}, {'id': 501124, 'name': 'electronic', 'type': 'genre_v2', 'source': 'cm'}, {'id': 501146, 'name': 'dance', 'type': 'genre_v2', 'source': 'cm'}, {'id': 501446, 'name': 'dub techno', 'type': 'genre_v2', 'source': 'cm'}, {'id': 507545, 'name': 'acid', 'type': 'genre_v2', 'source': 'cm'}, {'id': 504339, 'name': 'chinese r&b', 'type': 'genre_v2', 'source': 'cm'}, {'id': 507546, 'name': 'acid house', 'type': 'genre_v2', 'source': 'cm'}, {'id': 501675, 'name': 'organic house', 'type': 'genre_v2', 'source': 'cm'}, {'id': 507850, 'name': 'tribal house', 'type': 'genre_v2', 'source': 'cm'}, {'id': 507733, 'name': 'minimal techno', 'type': 'genre_v2', 'source': 'cm'}, {'id': 503525, 'name': 'us ambient', 'type': 'genre_v2', 'source': 'cm'}, {'id': 503537, 'name': 'us dance', 'type': 'genre_v2', 'source': 'cm'}, {'id': 503533, 'name': 'us easy listening', 'type': 'genre_v2', 'source': 'cm'}, {'id': 503515, 'name': 'us electronic', 'type': 'genre_v2', 'source': 'cm'}, {'id': 503512, 'name': 'us hip-hop/rap', 'type': 'genre_v2', 'source': 'cm'}, {'id': 503526, 'name': 'us psychedelic', 'type': 'genre_v2', 'source': 'cm'}, {'id': 503516, 'name': 'us r&b/soul', 'type': 'genre_v2', 'source': 'cm'}]","[{'id': 16873, 'name': 'acid techno', 'type': 'genre', 'source': 'spotify'}]"
Chris Stussy,296336,"{'id': 501175, 'name': 'house', 'type': 'genre_v2', 'source': 'cm'}","[{'id': 507730, 'name': 'minimal', 'type': 'genre_v2', 'source': 'cm'}, {'id': 501815, 'name': 'tech house', 'type': 'genre_v2', 'source': 'cm'}, {'id': 507655, 'name': 'funky house', 'type': 'genre_v2', 'source': 'cm'}, {'id': 503578, 'name': 'uk ambient', 'type': 'genre_v2', 'source': 'cm'}, {'id': 503590, 'name': 'uk dance', 'type': 'genre_v2', 'source': 'cm'}, {'id': 503586, 'name': 'uk easy listening', 'type': 'genre_v2', 'source': 'cm'}, {'id': 503568, 'name': 'uk electronic', 'type': 'genre_v2', 'source': 'cm'}, {'id': 503565, 'name': 'uk hip-hop/rap', 'type': 'genre_v2', 'source': 'cm'}, {'id': 503569, 'name': 'uk r&b/soul', 'type': 'genre_v2', 'source': 'cm'}, {'id': 503566, 'name': 'uk rock', 'type': 'genre_v2', 'source': 'cm'}]",
WhoMadeWho,318092,"{'id': 501175, 'name': 'house', 'type': 'genre_v2', 'source': 'cm'}","[{'id': 501146, 'name': 'dance', 'type': 'genre_v2', 'source': 'cm'}, {'id': 501124, 'name': 'electronic', 'type': 'genre_v2', 'source': 'cm'}, {'id': 507730, 'name': 'minimal', 'type': 'genre_v2', 'source': 'cm'}, {'id': 507725, 'name': 'melodic house', 'type': 'genre_v2', 'source': 'cm'}, {'id': 507781, 'name': 'progressive house', 'type': 'genre_v2', 'source': 'cm'}, {'id': 507721, 'name': 'melodic', 'type': 'genre_v2', 'source': 'cm'}, {'id': 507816, 'name': 'soulful house', 'type': 'genre_v2', 'source': 'cm'}, {'id': 507614, 'name': 'deep techno', 'type': 'genre_v2', 'source': 'cm'}, {'id': 501675, 'name': 'organic house', 'type': 'genre_v2', 'source': 'cm'}, {'id': 501267, 'name': 'afro house', 'type': 'genre_v2', 'source': 'cm'}, {'id': 501633, 'name': 'melodic techno', 'type': 'genre_v2', 'source': 'cm'}, {'id': 509418, 'name': 'danish ambient', 'type': 'genre_v2', 'source': 'cm'}, {'id': 509429, 'name': 'danish dance', 'type': 'genre_v2', 'source': 'cm'}, {'id': 509426, 'name': 'danish easy listening', 'type': 'genre_v2', 'source': 'cm'}, {'id': 509409, 'name': 'danish electronic', 'type': 'genre_v2', 'source': 'cm'}, {'id': 509406, 'name': 'danish hip-hop/rap', 'type': 'genre_v2', 'source': 'cm'}, {'id': 509410, 'name': 'danish r&b/soul', 'type': 'genre_v2', 'source': 'cm'}]",
Carlita,1353682,"{'id': 501175, 'name': 'house', 'type': 'genre_v2', 'source': 'cm'}","[{'id': 501815, 'name': 'tech house', 'type': 'genre_v2', 'source': 'cm'}, {'id': 507725, 'name': 'melodic house', 'type': 'genre_v2', 'source': 'cm'}, {'id': 507730, 'name': 'minimal', 'type': 'genre_v2', 'source': 'cm'}, {'id': 507816, 'name': 'soulful house', 'type': 'genre_v2', 'source': 'cm'}, {'id': 507721, 'name': 'melodic', 'type': 'genre_v2', 'source': 'cm'}, {'id': 501267, 'name': 'afro house', 'type': 'genre_v2', 'source': 'cm'}, {'id': 507781, 'name': 'progressive house', 'type': 'genre_v2', 'source': 'cm'}, {'id': 507849, 'name': 'tribal', 'type': 'genre_v2', 'source': 'cm'}, {'id': 507614, 'name': 'deep techno', 'type': 'genre_v2', 'source': 'cm'}, {'id': 507850, 'name': 'tribal house', 'type': 'genre_v2', 'source': 'cm'}, {'id': 507712, 'name': 'latin house', 'type': 'genre_v2', 'source': 'cm'}, {'id': 507852, 'name': 'tropical house', 'type': 'genre_v2', 'source': 'cm'}, {'id': 507864, 'name': 'vocal house', 'type': 'genre_v2', 'source': 'cm'}, {'id': 507758, 'name': 'percussions', 'type': 'genre_v2', 'source': 'cm'}, {'id': 501146, 'name': 'dance', 'type': 'genre_v2', 'source': 'cm'}, {'id': 501124, 'name': 'electronic', 'type': 'genre_v2', 'source': 'cm'}, {'id': 507655, 'name': 'funky house', 'type': 'genre_v2', 'source': 'cm'}, {'id': 501431, 'name': 'deep house', 'type': 'genre_v2', 'source': 'cm'}, {'id': 503525, 'name': 'us ambient', 'type': 'genre_v2', 'source': 'cm'}, {'id': 503537, 'name': 'us dance', 'type': 'genre_v2', 'source': 'cm'}, {'id': 503533, 'name': 'us easy listening', 'type': 'genre_v2', 'source': 'cm'}, {'id': 503515, 'name': 'us electronic', 'type': 'genre_v2', 'source': 'cm'}, {'id': 503512, 'name': 'us hip-hop/rap', 'type': 'genre_v2', 'source': 'cm'}, {'id': 503531, 'name': 'us instrumental', 'type': 'genre_v2', 'source': 'cm'}, {'id': 503516, 'name': 'us r&b/soul', 'type': 'genre_v2', 'source': 'cm'}, {'id': 503513, 'name': 'us rock', 'type': 'genre_v2', 'source': 'cm'}]","[{'id': 24294, 'name': 'deep melodic euro house', 'type': 'genre', 'source': 'spotify'}]"
Bedouin,446385,"{'id': 501175, 'name': 'house', 'type': 'genre_v2', 'source': 'cm'}","[{'id': 501267, 'name': 'afro house', 'type': 'genre_v2', 'source': 'cm'}, {'id': 507849, 'name': 'tribal', 'type': 'genre_v2', 'source': 'cm'}, {'id': 507730, 'name': 'minimal', 'type': 'genre_v2', 'source': 'cm'}, {'id': 507725, 'name': 'melodic house', 'type': 'genre_v2', 'source': 'cm'}, {'id': 507614, 'name': 'deep techno', 'type': 'genre_v2', 'source': 'cm'}, {'id': 507781, 'name': 'progressive house', 'type': 'genre_v2', 'source': 'cm'}, {'id': 507816, 'name': 'soulful house', 'type': 'genre_v2', 'source': 'cm'}, {'id': 507851, 'name': 'trip-hop', 'type': 'genre_v2', 'source': 'cm'}, {'id': 507721, 'name': 'melodic', 'type': 'genre_v2', 'source': 'cm'}, {'id': 507758, 'name': 'percussions', 'type': 'genre_v2', 'source': 'cm'}, {'id': 501675, 'name': 'organic house', 'type': 'genre_v2', 'source': 'cm'}, {'id': 501290, 'name': 'australian hip-hop', 'type': 'genre_v2', 'source': 'cm'}, {'id': 501431, 'name': 'deep house', 'type': 'genre_v2', 'source': 'cm'}, {'id': 507850, 'name': 'tribal house', 'type': 'genre_v2', 'source': 'cm'}, {'id': 503512, 'name': 'us hip-hop/rap', 'type': 'genre_v2', 'source': 'cm'}, {'id': 503485, 'name': 'north american hip-hop/rap', 'type': 'genre_v2', 'source': 'cm'}, {'id': 503525, 'name': 'us ambient', 'type': 'genre_v2', 'source': 'cm'}, {'id': 503537, 'name': 'us dance', 'type': 'genre_v2', 'source': 'cm'}, {'id': 503533, 'name': 'us easy listening', 'type': 'genre_v2', 'source': 'cm'}, {'id': 503515, 'name': 'us electronic', 'type': 'genre_v2', 'source': 'cm'}, {'id': 503531, 'name': 'us instrumental', 'type': 'genre_v2', 'source': 'cm'}, {'id': 503526, 'name': 'us psychedelic', 'type': 'genre_v2', 'source': 'cm'}, {'id': 503516, 'name': 'us r&b/soul', 'type': 'genre_v2', 'source': 'cm'}, {'id': 503513, 'name': 'us rock', 'type': 'genre_v2', 'source': 'cm'}]",
Sasha,208686,"{'id': 504400, 'name': 'regional mexican', 'type': 'genre_v2', 'source': 'cm'}","[{'id': 501120, 'name': 'pop', 'type': 'genre_v2', 'source': 'cm'}, {'id': 501212, 'name': 'latin pop', 'type': 'genre_v2', 'source': 'cm'}, {'id': 501214, 'name': 'latin rock', 'type': 'genre_v2', 'source': 'cm'}, {'id': 501146, 'name': 'dance', 'type': 'genre_v2', 'source': 'cm'}, {'id': 501124, 'name': 'electronic', 'type': 'genre_v2', 'source': 'cm'}, {'id': 503948, 'name': 'mexican dance', 'type': 'genre_v2', 'source': 'cm'}, {'id': 503926, 'name': 'mexican electronic', 'type': 'genre_v2', 'source': 'cm'}, {'id': 503932, 'name': 'mexican folk', 'type': 'genre_v2', 'source': 'cm'}, {'id': 503922, 'name': 'mexican pop', 'type': 'genre_v2', 'source': 'cm'}, {'id': 503924, 'name': 'mexican rock', 'type': 'genre_v2', 'source': 'cm'}]",
Jeff Mills,171894,"{'id': 501261, 'name': 'acidcore', 'type': 'genre_v2', 'source': 'cm'}","[{'id': 501124, 'name': 'electronic', 'type': 'genre_v2', 'source': 'cm'}, {'id': 501146, 'name': 'dance', 'type': 'genre_v2', 'source': 'cm'}, {'id': 501175, 'name': 'house', 'type': 'genre_v2', 'source': 'cm'}, {'id': 501634, 'name': 'metalcore', 'type': 'genre_v2', 'source': 'cm'}, {'id': 501509, 'name': 'hard techno', 'type': 'genre_v2', 'source': 'cm'}, {'id': 501140, 'name': 'instrumental', 'type': 'genre_v2', 'source': 'cm'}, {'id': 501511, 'name': 'hardgroove', 'type': 'genre_v2', 'source': 'cm'}, {'id': 507733, 'name': 'minimal techno', 'type': 'genre_v2', 'source': 'cm'}, {'id': 503525, 'name': 'us ambient', 'type': 'genre_v2', 'source': 'cm'}, {'id': 503537, 'name': 'us dance', 'type': 'genre_v2', 'source': 'cm'}, {'id': 503533, 'name': 'us easy listening', 'type': 'genre_v2', 'source': 'cm'}, {'id': 503515, 'name': 'us electronic', 'type': 'genre_v2', 'source': 'cm'}, {'id': 503512, 'name': 'us hip-hop/rap', 'type': 'genre_v2', 'source': 'cm'}, {'id': 503531, 'name': 'us instrumental', 'type': 'genre_v2', 'source': 'cm'}, {'id': 503514, 'name': 'us metal', 'type': 'genre_v2', 'source': 'cm'}]",
Laurent Garnier,306423,"{'id': 501175, 'name': 'house', 'type': 'genre_v2', 'source': 'cm'}","[{'id': 501146, 'name': 'dance', 'type': 'genre_v2', 'source': 'cm'}, {'id': 501124, 'name': 'electronic', 'type': 'genre_v2', 'source': 'cm'}, {'id': 501675, 'name': 'organic house', 'type': 'genre_v2', 'source': 'cm'}, {'id': 507546, 'name': 'acid house', 'type': 'genre_v2', 'source': 'cm'}, {'id': 503667, 'name': 'french dance', 'type': 'genre_v2', 'source': 'cm'}, {'id': 503645, 'name': 'french electronic', 'type': 'genre_v2', 'source': 'cm'}, {'id': 503656, 'name': 'french psychedelic', 'type': 'genre_v2', 'source': 'cm'}]","[{'id': 506069, 'name': 'french house', 'type': 'genre', 'source': 'spotify'}]"
Sven Väth,212467,"{'id': 501175, 'name': 'house', 'type': 'genre_v2', 'source': 'cm'}","[{'id': 501146, 'name': 'dance', 'type': 'genre_v2', 'source': 'cm'}, {'id': 501261, 'name': 'acidcore', 'type': 'genre_v2', 'source': 'cm'}, {'id': 501124, 'name': 'electronic', 'type': 'genre_v2', 'source': 'cm'}, {'id': 501675, 'name': 'organic house', 'type': 'genre_v2', 'source': 'cm'}, {'id': 501368, 'name': 'chill house', 'type': 'genre_v2', 'source': 'cm'}, {'id': 507733, 'name': 'minimal techno', 'type': 'genre_v2', 'source': 'cm'}, {'id': 503318, 'name': 'european ambient', 'type': 'genre_v2', 'source': 'cm'}, {'id': 501236, 'name': 'european dance', 'type': 'genre_v2', 'source': 'cm'}, {'id': 503326, 'name': 'european easy listening', 'type': 'genre_v2', 'source': 'cm'}, {'id': 503309, 'name': 'european electronic', 'type': 'genre_v2', 'source': 'cm'}, {'id': 501234, 'name': 'european hip-hop/rap', 'type': 'genre_v2', 'source': 'cm'}]",
Max Cooper,5687,"{'id': 501175, 'name': 'house', 'type': 'genre_v2', 'source': 'cm'}","[{'id': 501124, 'name': 'electronic', 'type': 'genre_v2', 'source': 'cm'}, {'id': 501146, 'name': 'dance', 'type': 'genre_v2', 'source': 'cm'}, {'id': 501675, 'name': 'organic house', 'type': 'genre_v2', 'source': 'cm'}, {'id': 507632, 'name': 'electronica', 'type': 'genre_v2', 'source': 'cm'}, {'id': 501271, 'name': 'alternative hip-hop', 'type': 'genre_v2', 'source': 'cm'}, {'id': 507733, 'name': 'minimal techno', 'type': 'genre_v2', 'source': 'cm'}, {'id': 503576, 'name': 'uk alternative', 'type': 'genre_v2', 'source': 'cm'}, {'id': 503578, 'name': 'uk ambient', 'type': 'genre_v2', 'source': 'cm'}, {'id': 503590, 'name': 'uk dance', 'type': 'genre_v2', 'source': 'cm'}, {'id': 503586, 'name': 'uk easy listening', 'type': 'genre_v2', 'source': 'cm'}, {'id': 503568, 'name': 'uk electronic', 'type': 'genre_v2', 'source': 'cm'}, {'id': 503565, 'name': 'uk hip-hop/rap', 'type': 'genre_v2', 'source': 'cm'}]","[{'id': 746, 'name': 'idm', 'type': 'genre', 'source': 'spotify'}]"
Sama Abdulhadi,3843836,"{'id': 501261, 'name': 'acidcore', 'type': 'genre_v2', 'source': 'cm'}","[{'id': 501175, 'name': 'house', 'type': 'genre_v2', 'source': 'cm'}, {'id': 507614, 'name': 'deep techno', 'type': 'genre_v2', 'source': 'cm'}, {'id': 507730, 'name': 'minimal', 'type': 'genre_v2', 'source': 'cm'}, {'id': 501146, 'name': 'dance', 'type': 'genre_v2', 'source': 'cm'}, {'id': 501124, 'name': 'electronic', 'type': 'genre_v2', 'source': 'cm'}, {'id': 501675, 'name': 'organic house', 'type': 'genre_v2', 'source': 'cm'}, {'id': 503525, 'name': 'us ambient', 'type': 'genre_v2', 'source': 'cm'}, {'id': 503537, 'name': 'us dance', 'type': 'genre_v2', 'source': 'cm'}, {'id': 503533, 'name': 'us easy listening', 'type': 'genre_v2', 'source': 'cm'}, {'id': 503515, 'name': 'us electronic', 'type': 'genre_v2', 'source': 'cm'}, {'id': 503512, 'name': 'us hip-hop/rap', 'type': 'genre_v2', 'source': 'cm'}]","[{'id': 439698, 'name': 'arab electronic', 'type': 'genre', 'source': 'spotify'}, {'id': 464606, 'name': 'palestinian alternative', 'type': 'genre', 'source': 'spotify'}]"
